<?xml version="1.0" encoding="utf-8" standalone="no"?>
<!DOCTYPE outline PUBLIC "-//omnigroup.com//DTD OUTLINE 3.0//EN" "http://www.omnigroup.com/namespace/OmniOutliner/xmloutline-v3.dtd">
<outline xmlns="http://www.omnigroup.com/namespace/OmniOutliner/v3">
  <style-attribute-registry>
    <style-attribute version="0" key="font-family" group="font" name="family" class="string">Helvetica</style-attribute>
    <style-attribute version="1" key="font-fill" group="font" name="fill color" class="color">
      <color w="0"/>
    </style-attribute>
    <style-attribute version="0" key="font-italic" group="font" name="italic" class="bool">no</style-attribute>
    <style-attribute version="0" key="font-size" group="font" name="size" class="number" integral="0" min="1" max="65536">12</style-attribute>
    <style-attribute version="0" key="font-weight" group="font" name="weight" class="number" integral="1" min="1" max="14">5</style-attribute>
    <style-attribute version="0" key="item-post-gap(com.omnigroup.OmniOutliner)" group="row" name="post gap" class="number" integral="1" min="0" max="1000">0</style-attribute>
    <style-attribute version="0" key="item-row-padding(com.omnigroup.OmniOutliner)" group="row" name="row padding" class="string">4</style-attribute>
    <style-attribute version="0" key="paragraph-base-writing-direction" group="paragraph" name="writing direction" class="enum">
      <enum-name-table default-value="-1">
        <enum-name-table-element value="-1" name="natural"/>
        <enum-name-table-element value="0" name="left-to-right"/>
        <enum-name-table-element value="1" name="right-to-left"/>
      </enum-name-table>
    </style-attribute>
    <style-attribute version="0" key="text-background-color" group="text" name="background color" class="color">
      <color w="0" a="0"/>
    </style-attribute>
  </style-attribute-registry>
  <named-styles>
    <named-style id="n_Pe4j-wTmH" name="Titre" display-order="0">
      <style>
        <value key="font-size">24</value>
        <value key="font-weight">9</value>
      </style>
    </named-style>
    <named-style id="jBtVNldF-aM" name="Sous-titre" display-order="1">
      <style>
        <value key="font-size">24</value>
      </style>
    </named-style>
    <named-style id="gXlnJYjJQOr" name="Titre 1" display-order="2">
      <style>
        <value key="font-size">20</value>
        <value key="font-weight">9</value>
      </style>
    </named-style>
    <named-style id="hRNnepmxbFF" name="Titre 2" display-order="3">
      <style>
        <value key="font-size">16</value>
        <value key="font-weight">9</value>
      </style>
    </named-style>
    <named-style id="g5gTblCPjnw" name="Titre 3" display-order="4">
      <style>
        <value key="font-weight">9</value>
      </style>
    </named-style>
    <named-style id="gTYJg4kH0nz" name="Séparateur" display-order="5">
      <style>
        <value key="font-fill">
          <color r="1" g="1" b="1"/>
        </value>
        <value key="font-weight">9</value>
        <value key="text-background-color">
          <color r="0.650558" g="0.650558" b="0.650558"/>
        </value>
      </style>
    </named-style>
    <named-style id="pEuyXj84FqX" name="Mise en évidence" display-order="6">
      <style>
        <value key="font-italic">yes</value>
      </style>
    </named-style>
    <named-style id="oNjvfB6_IzG" name="Surbrillance : jaune" display-order="7">
      <style>
        <value key="text-background-color">
          <color r="0.984314" g="0.930737" b="0.446418"/>
        </value>
      </style>
    </named-style>
    <named-style id="b6tDrb0AwJy" name="Surbrillance : vert" display-order="8">
      <style>
        <value key="text-background-color">
          <color r="0.578571" g="0.899628" b="0.742747"/>
        </value>
      </style>
    </named-style>
    <named-style id="c-0ZZhpc65_" name="Surbrillance : rose" display-order="9">
      <style>
        <value key="text-background-color">
          <color r="1" g="0.64684" b="0.64684"/>
        </value>
      </style>
    </named-style>
  </named-styles>
  <settings>
    <base-style>
      <style>
        <value key="font-family">Avenir</value>
        <value key="font-weight">4</value>
        <value key="item-post-gap(com.omnigroup.OmniOutliner)">1</value>
        <value key="item-row-padding(com.omnigroup.OmniOutliner)">1</value>
        <value key="paragraph-base-writing-direction">left-to-right</value>
        <value key="text-background-color">
          <color r="1" g="1" b="1"/>
        </value>
      </style>
    </base-style>
    <page-adornment>
      <first-page-headers is-active="yes">
        <header location="center">
          <text>
            <p>
              <run>
                <lit><cell variable="OOSectionTitleVariableIdentifier"/></lit>
              </run>
            </p>
          </text>
        </header>
      </first-page-headers>
    </page-adornment>
    <print-info>
      <print-info-key name="NSJobFeatures" type="coded">BAtzdHJlYW10eXBlZIHoA4QBQISEhBNOU011dGFibGVEaWN0aW9uYXJ5AISEDE5TRGljdGlvbmFyeQCEhAhOU09iamVjdACFhAFpAIY=</print-info-key>
      <print-info-key name="NSPagesPerSheet" type="int">1</print-info-key>
      <print-info-key name="NSReversePageOrder" type="boolean">false</print-info-key>
      <print-info-key name="NSScalingFactor" type="float">0.642857</print-info-key>
      <print-info-key name="OOColumnHeaderPrintBehavior" type="coded">BAtzdHJlYW10eXBlZIHoA4QBQISEhAhOU051bWJlcgCEhAdOU1ZhbHVlAISECE5TT2JqZWN0AIWEASqEhAFxlwCG</print-info-key>
      <print-info-key name="OOPageHeaderPrintBehavior" type="coded">BAtzdHJlYW10eXBlZIHoA4QBQISEhAhOU051bWJlcgCEhAdOU1ZhbHVlAISECE5TT2JqZWN0AIWEASqEhAFxlwCG</print-info-key>
      <print-info-key name="OOScaleDocumentToFitPageWidth" type="boolean">true</print-info-key>
    </print-info>
    <auto-generate-level-styles>no</auto-generate-level-styles>
  </settings>
  <editor content-size="{699, 764}" column-titles-display-mode="auto" status-visible="no" is-spellchecking-enabled="yes">
    <drawer display="sections" palette-height="167"/>
    <note-split-view height="132"/>
    <selected-rows ids="cRSj3hoIDXf"/>
  </editor>
  <columns>
    <column id="dTpN3JwYpBn" type="text" width="18" minimum-width="18" maximum-width="18" text-export-width="1" is-note-column="yes">
      <style>
        <value key="font-fill">
          <color r="0.494118" g="0.494118" b="0.494118"/>
        </value>
        <value key="font-size">10</value>
      </style>
      <title>
        <text>
          <p/>
        </text>
      </title>
    </column>
    <column id="jFqHUGd_Dg1" type="text" width="385" minimum-width="13" maximum-width="1000000" text-export-width="72" is-outline-column="yes">
      <title>
        <text>
          <p>
            <run>
              <lit>Sujet</lit>
            </run>
          </p>
        </text>
      </title>
    </column>
    <column id="aA1sx7FXAC7" type="text" width="150" minimum-width="13" maximum-width="1000000" text-export-width="40">
      <title>
        <text>
          <p>
            <run>
              <lit>Data location</lit>
            </run>
          </p>
        </text>
      </title>
    </column>
    <column id="dU_YftgS2cj" type="text" width="150" minimum-width="13" maximum-width="1000000" text-export-width="40">
      <title>
        <text>
          <p>
            <run>
              <lit>Owner/custodian</lit>
            </run>
          </p>
        </text>
      </title>
    </column>
    <column id="hehoVQXg4p5" type="text" width="150" minimum-width="13" maximum-width="1000000" text-export-width="40">
      <title>
        <text>
          <p>
            <run>
              <lit>Administrator</lit>
            </run>
          </p>
        </text>
      </title>
    </column>
  </columns>
  <root>
    <item id="iIxLVyt4Tzz" expanded="yes">
      <values>
        <text>
          <p>
            <run>
              <lit>facets</lit>
            </run>
          </p>
        </text>
        <null/>
        <null/>
        <null/>
      </values>
      <children>
        <item id="ffdv_BsqbgN" expanded="yes">
          <values>
            <text>
              <p>
                <run>
                  <lit>organization</lit>
                </run>
              </p>
            </text>
            <null/>
            <null/>
            <null/>
          </values>
          <children>
            <item id="n4f5kP4zMvc">
              <values>
                <text>
                  <p>
                    <run>
                      <lit>size of company</lit>
                    </run>
                  </p>
                </text>
                <null/>
                <null/>
                <null/>
              </values>
            </item>
            <item id="cRSj3hoIDXf">
              <values>
                <text>
                  <p>
                    <run>
                      <lit>age of company</lit>
                    </run>
                  </p>
                </text>
                <null/>
                <null/>
                <null/>
              </values>
            </item>
            <item id="hulvR4J13pR" expanded="yes">
              <values>
                <text>
                  <p>
                    <run>
                      <lit>main service category</lit>
                    </run>
                  </p>
                </text>
                <null/>
                <null/>
                <null/>
              </values>
              <children>
                <item id="k9ntha1TAMU">
                  <values>
                    <text>
                      <p>
                        <run>
                          <lit>full</lit>
                        </run>
                      </p>
                    </text>
                    <null/>
                    <null/>
                    <null/>
                  </values>
                </item>
                <item id="k598slmnWW-">
                  <values>
                    <text>
                      <p>
                        <run>
                          <lit>digital</lit>
                        </run>
                      </p>
                    </text>
                    <null/>
                    <null/>
                    <null/>
                  </values>
                </item>
                <item id="g-wbLVRNYVV">
                  <values>
                    <text>
                      <p>
                        <run>
                          <lit>media</lit>
                        </run>
                      </p>
                    </text>
                    <null/>
                    <null/>
                    <null/>
                  </values>
                </item>
                <item id="opbfoJzTJdH">
                  <values>
                    <text>
                      <p>
                        <run>
                          <lit>etc</lit>
                        </run>
                      </p>
                    </text>
                    <null/>
                    <null/>
                    <null/>
                  </values>
                </item>
              </children>
            </item>
            <item id="iGXAVH8A3gc">
              <values>
                <text>
                  <p>
                    <run>
                      <lit>main competitors</lit>
                    </run>
                  </p>
                </text>
                <null/>
                <null/>
                <null/>
              </values>
            </item>
          </children>
        </item>
        <item id="fpw8OBqti1n" expanded="yes">
          <values>
            <text>
              <p>
                <run>
                  <lit>individual</lit>
                </run>
              </p>
            </text>
            <null/>
            <null/>
            <null/>
          </values>
          <children>
            <item id="iEjIc5onDAT" expanded="yes">
              <values>
                <text>
                  <p>
                    <run>
                      <lit>management level, seniority</lit>
                    </run>
                  </p>
                </text>
                <null/>
                <null/>
                <null/>
              </values>
              <children>
                <item id="frALr9-QfHL">
                  <values>
                    <text>
                      <p>
                        <run>
                          <lit>entry</lit>
                        </run>
                      </p>
                    </text>
                    <null/>
                    <null/>
                    <null/>
                  </values>
                </item>
                <item id="d4Y4g4JOeBQ">
                  <values>
                    <text>
                      <p>
                        <run>
                          <lit>mid career</lit>
                        </run>
                      </p>
                    </text>
                    <null/>
                    <null/>
                    <null/>
                  </values>
                </item>
                <item id="er0u59Qx_4V">
                  <values>
                    <text>
                      <p>
                        <run>
                          <lit>senior</lit>
                        </run>
                      </p>
                    </text>
                    <null/>
                    <null/>
                    <null/>
                  </values>
                </item>
                <item id="jPJ9iG6V5fp">
                  <values>
                    <text>
                      <p>
                        <run>
                          <lit>partner</lit>
                        </run>
                      </p>
                    </text>
                    <null/>
                    <null/>
                    <null/>
                  </values>
                </item>
                <item id="iOK1uPesK9z">
                  <values>
                    <text>
                      <p>
                        <run>
                          <lit>c-suite</lit>
                        </run>
                      </p>
                    </text>
                    <null/>
                    <null/>
                    <null/>
                  </values>
                </item>
                <item id="lgQ1cECfExa">
                  <values>
                    <text>
                      <p>
                        <run>
                          <lit>owner</lit>
                        </run>
                      </p>
                    </text>
                    <null/>
                    <null/>
                    <null/>
                  </values>
                </item>
              </children>
            </item>
            <item id="ca0jA_jcOqP" expanded="yes">
              <values>
                <text>
                  <p>
                    <run>
                      <lit>professional level</lit>
                    </run>
                  </p>
                </text>
                <null/>
                <null/>
                <null/>
              </values>
              <children>
                <item id="kX3Z-gnvSr3">
                  <values>
                    <text>
                      <p>
                        <run>
                          <lit>degree</lit>
                        </run>
                      </p>
                    </text>
                    <null/>
                    <null/>
                    <null/>
                  </values>
                </item>
                <item id="a-lXJzgk6ZI">
                  <values>
                    <text>
                      <p>
                        <run>
                          <lit>other qualifications</lit>
                        </run>
                      </p>
                    </text>
                    <null/>
                    <null/>
                    <null/>
                  </values>
                </item>
                <item id="mbP4hPtK_KJ">
                  <values>
                    <text>
                      <p>
                        <run>
                          <lit>experience</lit>
                        </run>
                      </p>
                    </text>
                    <null/>
                    <null/>
                    <null/>
                  </values>
                </item>
              </children>
            </item>
            <item id="iXJcFbrQzME">
              <values>
                <text>
                  <p>
                    <run>
                      <lit>agency department</lit>
                    </run>
                  </p>
                </text>
                <null/>
                <null/>
                <null/>
              </values>
            </item>
            <item id="pPE_N5-SdQ7">
              <values>
                <text>
                  <p>
                    <run>
                      <lit>adjacent careers</lit>
                    </run>
                  </p>
                </text>
                <null/>
                <null/>
                <null/>
              </values>
            </item>
          </children>
        </item>
        <item id="gAviWoxjPFc" expanded="yes">
          <values>
            <text>
              <p>
                <run>
                  <lit>relation to 4As</lit>
                </run>
              </p>
            </text>
            <null/>
            <null/>
            <null/>
          </values>
          <children>
            <item id="g1cuiTWqjFz">
              <values>
                <text>
                  <p>
                    <run>
                      <lit>voting member</lit>
                    </run>
                  </p>
                </text>
                <null/>
                <null/>
                <null/>
              </values>
            </item>
            <item id="cdlrd9j06p0">
              <values>
                <text>
                  <p>
                    <run>
                      <lit>new member</lit>
                    </run>
                  </p>
                </text>
                <null/>
                <null/>
                <null/>
              </values>
            </item>
            <item id="c4ohXjBgFTA" expanded="yes">
              <values>
                <text>
                  <p>
                    <run>
                      <lit>engagement index</lit>
                    </run>
                  </p>
                </text>
                <null/>
                <null/>
                <null/>
              </values>
              <children>
                <item id="bQ7Z6plozyV" expanded="yes">
                  <values>
                    <text>
                      <p>
                        <run>
                          <lit>calculation</lit>
                        </run>
                      </p>
                    </text>
                    <null/>
                    <null/>
                    <null/>
                  </values>
                  <children>
                    <item id="kW8sqctHHYs">
                      <values>
                        <text>
                          <p>
                            <run>
                              <lit>knows 4as senior mgmt</lit>
                            </run>
                          </p>
                        </text>
                        <null/>
                        <null/>
                        <null/>
                      </values>
                    </item>
                    <item id="pbiRs5qK8xK">
                      <values>
                        <text>
                          <p>
                            <run>
                              <lit>Forums</lit>
                            </run>
                          </p>
                        </text>
                        <null/>
                        <null/>
                        <null/>
                      </values>
                    </item>
                    <item id="g2x6YqJJI91">
                      <values>
                        <text>
                          <p>
                            <run>
                              <lit>board</lit>
                            </run>
                          </p>
                        </text>
                        <null/>
                        <null/>
                        <null/>
                      </values>
                    </item>
                    <item id="mdH0r9lhjC0">
                      <values>
                        <text>
                          <p>
                            <run>
                              <lit>regional</lit>
                            </run>
                          </p>
                        </text>
                        <null/>
                        <null/>
                        <null/>
                      </values>
                    </item>
                    <item id="oM104Yveu92">
                      <values>
                        <text>
                          <p>
                            <run>
                              <lit>committee</lit>
                            </run>
                          </p>
                        </text>
                        <null/>
                        <null/>
                        <null/>
                      </values>
                    </item>
                    <item id="hBB5-CgQNaC">
                      <values>
                        <text>
                          <p>
                            <run>
                              <lit>event</lit>
                            </run>
                          </p>
                        </text>
                        <null/>
                        <null/>
                        <null/>
                      </values>
                    </item>
                    <item id="k7eRrQmnnM5">
                      <values>
                        <text>
                          <p>
                            <run>
                              <lit>webinar</lit>
                            </run>
                          </p>
                        </text>
                        <null/>
                        <null/>
                        <null/>
                      </values>
                    </item>
                    <item id="eap_wuJIlTM">
                      <values>
                        <text>
                          <p>
                            <run>
                              <lit>training program</lit>
                            </run>
                          </p>
                        </text>
                        <null/>
                        <null/>
                        <null/>
                      </values>
                    </item>
                    <item id="fuRUd0BnlQh">
                      <values>
                        <text>
                          <p>
                            <run>
                              <lit>research</lit>
                            </run>
                          </p>
                        </text>
                        <null/>
                        <null/>
                        <null/>
                      </values>
                    </item>
                    <item id="nmmstFaMbue" expanded="yes">
                      <values>
                        <text>
                          <p>
                            <run>
                              <lit>other interactions</lit>
                            </run>
                          </p>
                        </text>
                        <null/>
                        <null/>
                        <null/>
                      </values>
                      <children>
                        <item id="ltUAXAtqniN" expanded="yes">
                          <values>
                            <text>
                              <p>
                                <run>
                                  <lit>mid level</lit>
                                </run>
                              </p>
                            </text>
                            <null/>
                            <null/>
                            <null/>
                          </values>
                          <children>
                            <item id="pSIW9t-h8Iu">
                              <values>
                                <null/>
                                <null/>
                                <null/>
                                <null/>
                              </values>
                            </item>
                          </children>
                        </item>
                      </children>
                    </item>
                  </children>
                </item>
              </children>
            </item>
            <item id="nlOvbaTKX6V" expanded="yes">
              <values>
                <text>
                  <p>
                    <run>
                      <lit>member duration</lit>
                    </run>
                  </p>
                </text>
                <null/>
                <null/>
                <null/>
              </values>
              <children>
                <item id="fNFB_Wy-rWb" expanded="yes">
                  <values>
                    <text>
                      <p>
                        <run>
                          <lit>periods?</lit>
                        </run>
                      </p>
                    </text>
                    <null/>
                    <null/>
                    <null/>
                  </values>
                  <children>
                    <item id="fg3g_94Ei0e">
                      <values>
                        <text>
                          <p>
                            <run>
                              <lit>joined after 2008</lit>
                            </run>
                          </p>
                        </text>
                        <null/>
                        <null/>
                        <null/>
                      </values>
                    </item>
                    <item id="oF4jQ-ndsUR">
                      <values>
                        <text>
                          <p>
                            <run>
                              <lit>member for x years</lit>
                            </run>
                          </p>
                        </text>
                        <null/>
                        <null/>
                        <null/>
                      </values>
                    </item>
                    <item id="cofd0Gj-DDT">
                      <values>
                        <text>
                          <p>
                            <run>
                              <lit>4As &quot;eras&quot;</lit>
                            </run>
                          </p>
                        </text>
                        <null/>
                        <null/>
                        <null/>
                      </values>
                    </item>
                  </children>
                </item>
              </children>
            </item>
          </children>
        </item>
      </children>
    </item>
  </root>
</outline>
